normalised_name,w2_name,w2_description,w2_answer_categories_and_codes,w2_filter,w2_anonymisation_rule,w3_name,w3_description,w3_answer_categories_and_codes,w3_filter,w3_anonymisation_rule,presence,description_text_differs,categories_text_differs,filter_text_differs,anonymisation_rule_text_differs
AC1A,AC1a,Occurrence of a road traffic accident in the past 12 months,"1 Yes 2 No – 1 missing (don’t know, refusal)",Everybody,unaltered,AC1A,Occurrence of a road traffic accident in the past 12 months,1 Yes,Everybody,unaltered,BOTH,FALSE,TRUE,FALSE,FALSE
AC1B,AC1b,Occurrence of an accident at home in the past 12 months,"1 Yes 2 No – 1 missing (don’t know, refusal)",Everybody,unaltered,AC1B,Occurrence of an accident at home in the past 12 months,1 Yes,Everybody,unaltered,BOTH,FALSE,TRUE,FALSE,FALSE
AC1C,AC1c,Occurrence of a leisure accident in the past 12 months,"1 Yes 2 No – 1 missing (don’t know, refusal)",Everybody,unaltered,AC1C,Occurrence of a leisure accident in the past 12 months,1 Yes,Everybody,unaltered,BOTH,FALSE,TRUE,FALSE,FALSE
AC2,AC2,Most serious medical care intervention for the most serious accident in the past 12 months to health problems),"1 Admission to a hospital or any other health facility 2 A doctor or nurse 3 No intervention was needed – 1 missing (don’t know, refusal) – 2 not applicable",if AC1a = 1 or AC1b = 1 or AC1c = 1,unaltered,AC2,Most serious medical care intervention for the most serious accident in the past 12 months,1 Admission to a hospital or any other health facility,if,unaltered,BOTH,TRUE,TRUE,TRUE,FALSE
AGE,AGE,Age of respondent in completed years at the time of the interview,"digit number – 1 missing (don’t know, refusal)",Everybody,"5 years age groups with top coding (85 and more): 15-17, 18-19, 20-24, …, 85+ Country specific rule for: • MT and IS: top coding is 75 or more • SK: top coding is 80 or more",AGE,Age of respondent in completed years at the time of the interview,digit number,Everybody,"5 years age groups with top coding (85 and more): 15-17, 18-19, 20-24, …, 85+Country specific rule for:• MT and IS: first age group is 15-19 • MT and IS: top coding is 75 or more• SK and NO: top coding is 80 or more",BOTH,FALSE,TRUE,FALSE,TRUE
AL1,AL1,"Frequency of consumption of an alcoholic drink of any kind (beer, wine, cider, spirits, cocktails, premixes, liqueurs, homemade alcohol…) in the past 12 months","1 Every day or almost 2 5 – 6 days a week 3 3 – 4 days a week 4 1 – 2 days a week 5 2 – 3 days in a month 6 Once a month 7 Less than once a month 8 Not in the past 12 months, as I no longer drink alcohol 9 Never, or only a few sips or tries, in my whole life – 1 missing (don’t know, refusal)",Everybody,unaltered Country-specific rule: • IT: variable removed,AL1,"Frequency of consumption of an alcoholic drink of any kind (beer, wine, cider, spirits, cocktails, premixes, liqueurs, homemade alcohol…) in the past 12 months",1 Every day or almost,Everybody,unaltered Country-specific rule: • IT: variable removed,BOTH,FALSE,TRUE,FALSE,FALSE
AL2,AL2,Frequency of consumption of an alcoholic drink for Monday — Thursday,"1 On all 4 days 2 On 3 of the 4 days 3 On 2 of the 4 days 4 On 1 of the 4 days 5 On none of the 4 days – 1 missing (don’t know, refusal) – 2 not applicable","if AL1 = 1, 2, 3 or 4",unaltered Country-specific rule: • IT: variable removed,AL2,Frequency of consumption of an alcoholic drink for Monday — Thursday,1 On all 4 days,"if AL1 = 1, 2, 3 or 4",unaltered Country-specific rule: • IT: variable removed,BOTH,FALSE,TRUE,FALSE,FALSE
AL3,AL3,Number of alcoholic (standard) drinks on average on one of the days (Monday to Thursday),"1 16 or more drinks a day 2 10 – 15 drinks a day 3 6 – 9 drinks a day 4 4 – 5 drinks a day 5 3 drinks a day 6 2 drinks a day 7 1 drink a day 8 0 drink a day – 1 missing (don’t know, refusal) – 2 not applicable","If (AL1 = 1, 2, 3 or 4) and (AL2 = 1, 2, 3 or 4)",unaltered Country-specific rule: • IT: variable removed,AL3,Number of alcoholic (standard) drinks on average on one of the days (Monday to Thursday),1 16 or more drinks a day,"If (AL1 = 1, 2, 3 or 4) and (AL2 = 1, 2, 3 or 4)",unaltered Country-specific rule: • IT: variable removed,BOTH,FALSE,TRUE,FALSE,FALSE
AL4,AL4,Frequency of consumption of an alcoholic drink for Friday — Sunday,"1 On all 3 days 2 On 2 of the 3 days 3 On 1 of the 3 days 4 On none of the 3 days – 1 missing (don’t know, refusal) – 2 not applicable","if AL1 = 1, 2, 3 or 4",unaltered Country-specific rule: • IT: variable removed,AL4,Frequency of consumption of an alcoholic drink for Friday — Sunday,1 On all 3 days,"if AL1 = 1, 2, 3 or 4",unaltered Country-specific rule: • IT: variable removed,BOTH,FALSE,TRUE,FALSE,FALSE
AL5,AL5,Number of alcoholic (standard) drinks on average on one of the days (Friday — Sunday),"1 16 or more drinks a day 2 10 – 15 drinks a day 3 6 – 9 drinks a day 4 4 – 5 drinks a day 5 3 drinks a day 6 2 drinks a day 7 1 drink a day 8 0 drink a day – 1 missing (don’t know, refusal) – 2 not applicable","if (AL1 = 1, 2, 3 or 4) and (AL4 = 1, 2, or 3)",unaltered Country-specific rule: • IT: variable removed,AL5,Number of alcoholic (standard) drinks on average on one of the days (Friday — Sunday),1 16 or more drinks a day,"if (AL1 = 1, 2, 3 or 4) and (AL4 = 1, 2, or 3)",unaltered Country-specific rule: • IT: variable removed,BOTH,FALSE,TRUE,FALSE,FALSE
AL6,AL6,Frequency of risky single- occasion drinking (equivalent of 60 g of pure ethanol or more) during the past 12 months,"1 Every day or almost 2 5 – 6 days a week 3 3 – 4 days a week 4 1 – 2 days a week 5 2 – 3 days in a month 6 Once a month 7 Less than once a month 8 Not in the past 12 months 9 Never in my whole life – 1 missing (don’t know, refusal) – 2 not applicable","if AL1 = 1, 2, 3, 4, 5, 6 or 7",unaltered Country-specific rule: • IT: variable removed,AL6,Frequency of risky single-occasion drinking (equivalent of 60 g of pure ethanol or more) during the past 12 months,1 Every day or almost,"if AL1 = 1, 2, 3, 4, 5, 6 or 7",unaltered Country-specific rule: • IT: variable removed,BOTH,TRUE,TRUE,FALSE,FALSE
AM1,AM1,Last time of a visit to a dentist or orthodontist (for personal treatment),"1 Less than 6 months ago 2 6 to 12 months ago 3 12 months ago or longer 4 Never – 1 missing (don’t know, refusal)",Everybody,unaltered,AM1,Last time of a visit to a dentist or orthodontist (for personal treatment),1 Less than 6 months ago,Everybody,unaltered,BOTH,FALSE,TRUE,FALSE,FALSE
AM2,AM2,Last time of a consultation of a general practitioner or family doctor (for personal treatment),"1 Less than 12 months ago 2 12 months ago or longer 3 Never – 1 missing (don’t know, refusal)",Everybody,unaltered,AM2,Last time of a consultation of a general practitioner or family doctor (for personal treatment),1 Less than 12 months ago,Everybody,unaltered,BOTH,FALSE,TRUE,FALSE,FALSE
AM3,AM3,Number of consultations of a general practitioner or family doctor during the past four weeks (for personal treatment),"Number 0 – 99 – 1 missing (don’t know, refusal) – 2 not applicable",If AM2 = 1,unaltered,AM3,Number of consultations of a general practitioner or family doctor during the past four weeks (for personal treatment),Number 0 – 99,If AM2 = 1,unaltered Country-specific rule: • IT: top coding is 10 or more,BOTH,FALSE,TRUE,FALSE,TRUE
AM4,AM4,Last time of a consultation of a medical or surgical specialist (for personal treatment),"1 Less than 12 months ago 2 12 months ago or longer 3 Never – 1 missing (don’t know, refusal)",Everybody,unaltered,AM4,Last time of a consultation of a medical or surgical specialist (for personal treatment),1 Less than 12 months ago,Everybody,unaltered,BOTH,FALSE,TRUE,FALSE,FALSE
AM5,AM5,Number of consultations of a medical or surgical specialist during the past four weeks (for personal treatment),"Number 0 – 99 – 1 missing (don’t know, refusal) – 2 not applicable",If AM4 = 1,unaltered Country-specific rule: • DE: top coding is 9 or more • SK: top coding is 4 or more • IE: top coding 5 or more,AM5,Number of consultations of a medical or surgical specialist during the past four weeks (for personal treatment),Number 0 – 99,If AM4 = 1,"unalteredCountry-specific rule:• DE: top coding is 9 or more• SK and IS: top coding is 4 or more• IE, ITs: top coding 5 or more",BOTH,FALSE,TRUE,FALSE,TRUE
AM6A,AM6a,Consultation of a physiotherapist or kinesitherapist in the past 12 months,"1 Yes 2 No – 1 missing (don’t know, refusal)",Everybody,unaltered,AM6A,Consultation of a physiotherapist or kinesitherapist in the past 12 months,1 Yes,Everybody,unaltered,BOTH,FALSE,TRUE,FALSE,FALSE
AM6B,AM6b,Consultation of a psychologist or psychotherapist in the past 12 months,"1 Yes 2 No – 1 missing (don’t know, refusal)",Everybody,unaltered,AM6B,"Consultation of a psychologist, psychotherapist or psychiatrist in the past 12 months",1 Yes,Everybody,unaltered,BOTH,TRUE,TRUE,FALSE,FALSE
AM7,AM7,Use of any home care services for personal needs during the past 12 months,"1 Yes 2 No – 1 missing (don’t know, refusal)",Everybody,unaltered,AM7,Use of any home care services for personal needs during the past 12 months,1 Yes,Everybody,unaltered,BOTH,FALSE,TRUE,FALSE,FALSE
AW1,AW1,Absent from work due to personal health problems in the past 12 months,"1 Yes 2 No – 1 missing (don’t know, refusal) – 2 not applicable",if MAINSTAT = 10,unaltered,AW1,Absent from work due to personal health problems in the past 12 months,1 Yes,if MAINSTAT = 10,unaltered,BOTH,FALSE,TRUE,FALSE,FALSE
AW2,AW2,Number of days of absence from work due to personal health problems in the past 12 months functional limitations,"Number of days – 1 missing (don’t know, refusal) – 2 not applicable",if AW1 = 1,regrouped: 1. 1-7 days; 2. 8-14 days; 3. 15-30 days; 4. 31 to 180 days; 5. 181 days or more Country-specific rule: • MT: categories '31 to 180 days' and '181 days or more' are grouped into one category '31 days or more' (code 4),AW2,Number of days of absence from work due to personal health problems in the past 12 months,Number of days,if AW1 = 1,regrouped: 1. 1-7 days; 2. 8-14 days; 3. 15-30 days; 4. 31 to 180 days; 5. 181 days or moreCountry-specific rule:• MT and IS: categories '31 to 180 days' and '181 days or more' are grouped into one category '31 days or more' (code 4) MT: categories ‘Proxy’ (code -3) and ‘Not stated’ (code -1) are grouped into one category ‘Not stated’ (code -1),BOTH,TRUE,TRUE,FALSE,TRUE
BIRTHPLACE,BIRTHPLACE,Country of birth,"10 Native-born 21 Born in another EU Member State 22 Born in non-EU country – 1 missing (don’t know, refusal)",Everybody,unaltered Country-specific rule: • MT and IS: codes 21 and 22 grouped together as code 21,BIRTHPLACE,Country of birth,Country code (SCL GEO code),Everybody,"Regrouped as follows: 10 Native-born 21 Born in another EU Member State 22 Born in a non-EU country – 1 Not stated Country-specific rule:• MT, IS and NO: codes 21 and 22 grouped together as code 21",BOTH,FALSE,TRUE,FALSE,TRUE
BM1,BM1,Height without shoes,"Number in cm – 1 missing (don’t know, refusal)",Everybody,unaltered Country-specific rule: • IT: bottom coding for height<140 cm for people aged 15-17 and for women aged 18+; bottom coding for height<145 cm for men aged 18+; top coding for height>180 cm for women aged 15+; top coding for height>190 cm for men aged 15- 17; top coding for height>195 cm for men aged 18+. Change of BM1 and BM2 with an average calculated with EHIS data by sex and age when: BMI<16.3 or BMI>31 for people aged 15-17; BMI<15.5 or BMI>35.5 for people aged 18+. • IE: bottom and top coding: low = 140 cm; high = 200 cm,BM1,Height without shoes,Number in cm,Everybody,"unaltered Country-specific rule: • IT: bottom coding for height<140 cm for people aged 15-17 and for women aged 18+; bottom coding for height<145 cm for men aged 18+; top coding for height>180 cm for women aged 15+; top coding for height>190 cm for men aged 15-17; top coding for height>195 cm for men aged 18+. Change of BM1 and BM2 with an average calculated with EHIS data by sex and age when: BMI<16.3 or BMI>31 for people aged 15-17; BMI<15.5 or BMI>35.5 for people aged 18+. • IE, CZ: bottom and top coding: low = 140 cm; high = 200 cm • IS: bottom and top coding: low = 150 cm; high = 199 cm",BOTH,FALSE,TRUE,FALSE,TRUE
BM2,BM2,Weight without clothes and shoes,"Number in kg – 1 missing (don’t know, refusal)",Everybody,unaltered Country-specific rule: • IT: bottom coding for weight<40 kg for people aged 15-17 and for women aged 18+; bottom coding for weight<45 kg for men aged 18+; top coding for weight>85 kg for women aged 15-17; top coding for weight>95 kg for men aged 15-17; top coding for weight>120 kg for women aged 18+; top coding for weight>130 kg for men aged 18+. Change of BM1 and BM2 with an average calculated with EHIS data by sex and age when: BMI<16.3 or BMI>31 for people aged 15-17; BMI<15.5 or BMI>35.5 for people aged 18+. • IE: bottom and top coding: low = 45 kg; high = 150 kg,BM2,Weight without clothes and shoes,Number in kg,Everybody,unaltered Country-specific rule: • IT: bottom coding for weight<40 kg for people aged 15-17 and for women aged 18+; bottom coding for weight<45 kg for men aged 18+; top coding for weight>85 kg for women aged 15-17; top coding for weight>95 kg for men aged 15-17; top coding for weight>120 kg for women aged 18+; top coding for weight>130 kg for men aged 18+. Change of BM1 and BM2 with an average calculated with EHIS data by sex and age when: BMI<16.3 or BMI>31 for people aged 15-17; BMI<15.5 or BMI>35.5 for people aged 18+. • IE: bottom and top coding: low = 45 kg; high = 150 kg • IS: bottom and top coding: low = 50 kg; high = 150 kg,BOTH,FALSE,TRUE,FALSE,TRUE
CD1A,CD1a,Suffering from asthma in the past 12 months (allergic asthma included),"1 Yes 2 No – 1 missing (don’t know, refusal)",Everybody,unaltered,CD1A,Having asthma in the past 12 months (allergic asthma included),1 Yes,Everybody,unaltered,BOTH,TRUE,TRUE,FALSE,FALSE
CD1B,CD1b,"Suffering from chronic bronchitis, chronic obstructive pulmonary disease or emphysema in the past 12 months","1 Yes 2 No – 1 missing (don’t know, refusal)",Everybody,unaltered,CD1B,"Having chronic bronchitis, chronic obstructive pulmonary disease or emphysema in the past 12 months",1 Yes,Everybody,unaltered,BOTH,TRUE,TRUE,FALSE,FALSE
CD1C,CD1c,Suffering from a myocardial infarction (heart attack) in the past 12 months,"1 Yes 2 No – 1 missing (don’t know, refusal)",Everybody,unaltered,CD1C,Having a myocardial infarction (heart attack) or chronic consequences of myocardial infarction in the past 12 months,1 Yes,Everybody,unaltered,BOTH,TRUE,TRUE,FALSE,FALSE
CD1D,CD1d,Suffering from a coronary heart disease or angina pectoris in the past 12 months,"1 Yes 2 No – 1 missing (don’t know, refusal)",Everybody,unaltered,CD1D,Having a coronary heart disease or angina pectoris in the past 12 months,1 Yes,Everybody,unaltered,BOTH,TRUE,TRUE,FALSE,FALSE
CD1E,CD1e,Suffering from high blood pressure in the past 12 months,"1 Yes 2 No – 1 missing (don’t know, refusal)",Everybody,unaltered,CD1E,Having high blood pressure in the past 12 months,1 Yes,Everybody,unaltered,BOTH,TRUE,TRUE,FALSE,FALSE
CD1F,CD1f,"Suffering from a stroke (cerebral haemorrhage, cerebral thrombosis) in the past 12 months","1 Yes 2 No – 1 missing (don’t know, refusal)",Everybody,unaltered,CD1F,"Having a stroke (cerebral haemorrhage, cerebral thrombosis) or chronic consequences of stroke in the past 12 months",1 Yes,Everybody,unaltered,BOTH,TRUE,TRUE,FALSE,FALSE
CD1G,CD1g,Suffering from arthrosis (arthritis excluded) in the past 12 months,"1 Yes 2 No – 1 missing (don’t know, refusal)",Everybody,unaltered,CD1G,Having arthrosis (arthritis excluded) in the past 12 months,1 Yes,Everybody,unaltered,BOTH,TRUE,TRUE,FALSE,FALSE
CD1H,CD1h,Suffering from a low back disorder or other chronic back defect in the past 12 months,"1 Yes 2 No – 1 missing (don’t know, refusal)",Everybody,unaltered,CD1H,Having a low back disorder or other chronic back defect in the past 12 months,1 Yes,Everybody,unaltered,BOTH,TRUE,TRUE,FALSE,FALSE
CD1I,CD1i,Suffering from a neck disorder or other chronic neck defect in the past 12 months,"1 Yes 2 No – 1 missing (don’t know, refusal)",Everybody,unaltered,CD1I,Having a neck disorder or other chronic neck defect in the past 12 months,1 Yes,Everybody,unaltered,BOTH,TRUE,TRUE,FALSE,FALSE
CD1J,CD1j,Suffering from diabetes in the past 12 months,"1 Yes 2 No – 1 missing (don’t know, refusal)",Everybody,unaltered,CD1J,Having diabetes in the past 12 months,1 Yes,Everybody,unaltered,BOTH,TRUE,TRUE,FALSE,FALSE
CD1K,CD1k,"Suffering from an allergy, such as rhinitis, eye inflammation, dermatitis, food allergy or other (allergic asthma excluded) in the past 12 months","1 Yes 2 No – 1 missing (don’t know, refusal)",Everybody,unaltered,CD1K,"Having an allergy, such as rhinitis, eye inflammation, dermatitis, food allergy or other (allergic asthma excluded) in the past 12 months",1 Yes,Everybody,unaltered,BOTH,TRUE,TRUE,FALSE,FALSE
CD1L,CD1l,Suffering from cirrhosis of the liver in the past 12 months,"1 Yes 2 No – 1 missing (don’t know, refusal)",Everybody,unaltered,CD1L,Having cirrhosis of the liver in the past 12 months,1 Yes,Everybody,unaltered,BOTH,TRUE,TRUE,FALSE,FALSE
CD1M,CD1m,"Suffering from urinary incontinence, problems in controlling the bladder in the past 12 months","1 Yes 2 No – 1 missing (don’t know, refusal)",Everybody,unaltered,CD1M,"Having urinary incontinence, problems in controlling the bladder in the past 12 months",1 Yes,Everybody,unaltered,BOTH,TRUE,TRUE,FALSE,FALSE
CD1N,CD1n,Suffering from kidney problems in the past 12 months,"1 Yes 2 No – 1 missing (don’t know, refusal)",Everybody,unaltered,CD1N,Having kidney problems in the past 12 months,1 Yes,Everybody,unaltered,BOTH,TRUE,TRUE,FALSE,FALSE
CD1O,CD1o,Suffering from depression in the past 12 months,"1 Yes 2 No – 1 missing (don’t know, refusal)",Everybody,unaltered,CD1O,Having depression in the past 12 months,1 Yes,Everybody,unaltered,BOTH,TRUE,TRUE,FALSE,FALSE
CITIZEN,CITIZEN,Country of citizenship at time of data collection,"10 National/has citizenship of the reporting country 21 Non-national/does not have citizenship of the reporting country but national of other EU Member States 22 Non-national/does not have citizenship of the reporting country but non-EU country nationality – 1 missing (don’t know, refusal)",Everybody,"unaltered Country-specific rule: • MT, IS and NO: codes 21 and 22 grouped together as code 21",CITIZEN,Country of main citizenship,Country code (SCL GEO code),Everybody,"Regrouped as follows: 10 National/has citizenship of the reporting country 21 Non-national/does not have citizenship of the reporting country but national of other EU Member States 22 Non-national/does not have citizenship of the reporting country but non-EU country nationality – 1 Not stated Country-specific rule:• LV, MT, IS and NO: codes 21 and 22 grouped together as code 21",BOTH,TRUE,TRUE,FALSE,TRUE
COUNTRY,COUNTRY,Country of residence,"2 digits based on NUTS, at the most aggregated level (level 0 or country level) – 1 missing (don’t know, refusal)",Everybody,unaltered,COUNTRY,Country of residence,Country code (SCL GEO code),Everybody,unaltered,BOTH,FALSE,TRUE,FALSE,FALSE
DEG_URB,DEG_URB,Degree of urbanisation,1 Densely-populated area 2 Intermediate-populated area 3 Thinly-populated area – 1 missing,Everybody,unaltered,DEG_URB,Degree of urbanisation,1 Cities,Everybody,unaltered,BOTH,FALSE,TRUE,FALSE,FALSE
FT_PT,FT_PT,Full or part-time work,"1 Full-time 2 Part-time – 1 missing (don’t know, refusal) – 2 not applicable",MAINSTAT = 10,unaltered,FT_PT,Full or part-time work main job (self-defined),1 Full-time job,MAINSTAT = 10,unaltered,BOTH,TRUE,TRUE,FALSE,FALSE
HA1A,HA1a,Difficulty in preparing meals,"1 No difficulty 2 Some difficulty 3 A lot of difficulty 4 Cannot do at all/Unable to do 5 Not applicable (never tried it or do not need to do it) – 1 missing (don’t know, refusal) – 2 not applicable",if AGE >= 65,unaltered,HA1A,Difficulty in preparing meals,1 No difficulty,if AGE >= 55,unaltered,BOTH,FALSE,TRUE,TRUE,FALSE
HA1B,HA1b,Difficulty in using the telephone,"1 No difficulty 2 Some difficulty 3 A lot of difficulty 4 Cannot do at all/Unable to do 5 Not applicable (never tried it or do not need to do it) – 1 missing (don’t know, refusal) – 2 not applicable",if AGE >= 65,unaltered,HA1B,Difficulty in using the telephone,1 No difficulty,if AGE >= 55,unaltered,BOTH,FALSE,TRUE,TRUE,FALSE
HA1C,HA1c,Difficulty to do shopping,"1 No difficulty 2 Some difficulty 3 A lot of difficulty 4 Cannot do at all/Unable to do 5 Not applicable (never tried it or do not need to do it) – 1 missing (don’t know, refusal) – 2 not applicable",if AGE >= 65,unaltered,HA1C,Difficulty to do shopping,1 No difficulty,if AGE >= 55,unaltered,BOTH,FALSE,TRUE,TRUE,FALSE
HA1D,HA1d,Difficulty in managing medication,"1 No difficulty 2 Some difficulty 3 A lot of difficulty 4 Cannot do at all/Unable to do 5 Not applicable (never tried it or do not need to do it) – 1 missing (don’t know, refusal) – 2 not applicable",if AGE >= 65,unaltered,HA1D,Difficulty in managing medication,1 No difficulty,if AGE >= 55,unaltered,BOTH,FALSE,TRUE,TRUE,FALSE
HA1E,HA1e,Difficulty in doing light housework,"1 No difficulty 2 Some difficulty 3 A lot of difficulty 4 Cannot do at all/Unable to do 5 Not applicable (never tried it or do not need to do it) – 1 missing (don’t know, refusal) – 2 not applicable",if AGE >= 65,unaltered,HA1E,Difficulty in doing light housework,1 No difficulty,if AGE >= 55,unaltered,BOTH,FALSE,TRUE,TRUE,FALSE
HA1F,HA1f,Difficulty in doing occasional heavy housework,"1 No difficulty 2 Some difficulty 3 A lot of difficulty 4 Cannot do at all/Unable to do 5 Not applicable (never tried it or do not need to do it) – 1 missing (don’t know, refusal) – 2 not applicable",if AGE >= 65,unaltered,HA1F,Difficulty in doing occasional heavy housework,1 No difficulty,if AGE >= 55,unaltered,BOTH,FALSE,TRUE,TRUE,FALSE
HA1G,HA1g,Difficulty in taking care of finances and everyday administrative tasks,"1 No difficulty 2 Some difficulty 3 A lot of difficulty 4 Cannot do at all/Unable to do 5 Not applicable (never tried it or do not need to do it) – 1 missing (don’t know, refusal) – 2 not applicable",if AGE >= 65,unaltered,HA1G,Difficulty in taking care of finances and everyday administrative tasks,1 No difficulty,if AGE >= 55,unaltered,BOTH,FALSE,TRUE,TRUE,FALSE
HA2,HA2,"Usually receiving help with one or more domestic activities: preparing meals, using the telephone, shopping, managing medication, light or occasional heavy housework, taking care of finances and everyday administrative tasks","1 Yes, with at least one activity 2 No – 1 missing (don’t know, refusal) – 2 not applicable",if (AGE >= 65) and {HA1a ≠ 1 or HA1b ≠ 1 or HA1c ≠ 1 or HA1d ≠ 1 or HA1e ≠ 1 or HA1f ≠ 1or HA1g ≠ 1},unaltered,HA2,"Usually receiving help with one or more domestic activities: preparing meals, using the telephone, shopping, managing medication, light or occasional heavy housework, taking care of finances and everyday administrative tasks","1 Yes, with at least one activity",if (AGE >= 55) and {HA1A ≠ 1 or HA1B ≠ 1 or HA1C ≠ 1 or HA1D ≠ 1 or HA1E ≠ 1 or HA1F ≠ 1or HA1G ≠ 1},unaltered,BOTH,FALSE,TRUE,TRUE,FALSE
HA3,HA3,"Need for help or more help with one or more domestic activities: preparing meals, using the telephone, shopping, managing medication, light or occasional heavy housework, taking care of finances and everyday administrative tasks","1 Yes, with at least one activity 2 No – 1 missing (don’t know, refusal) – 2 not applicable",if (AGE >= 65) and {HA1a ≠ 1 or HA1b ≠ 1 or HA1c ≠ 1 or HA1d ≠ 1 or HA1e ≠ 1 or HA1f ≠ 1or HA1g ≠ 1},unaltered,HA3,"Need for help or more help with one or more domestic activities: preparing meals, using the telephone, shopping, managing medication, light or occasional heavy housework, taking care of finances and everyday administrative tasks","1 Yes, with at least one activity",if (AGE >= 55) and {HA1A ≠ 1 or HA1B ≠ 1 or HA1C ≠ 1 or HA1D ≠ 1 or HA1E ≠ 1 or HA1F ≠ 1or HA1G ≠ 1},unaltered,BOTH,FALSE,TRUE,TRUE,FALSE
HATLEVEL,HATLEVEL,Highest level of education completed (Educational attainment),"Based on ISCED-2011 classification 0 Early childhood development, pre-primary education 1 Primary education 2 Lower secondary education 3 Upper secondary education 4 Post-secondary but non-tertiary education 5 Tertiary education; short-cycle 6 Tertiary education; bachelor level or equivalent 7 Tertiary education; master level or equivalent 8 Tertiary education; doctoral level or – 1 missing (don’t know, refusal)",Everybody,"unaltered Country-specific rule for: • MT: the following adaptations were done: › ISCED 0, 1 and 2 are grouped into one category (code 1) › ISCED 3 and 4 are grouped into one category (code 2) › ISCED 5, 6, 7 and 8 are grouped into one category (code 3) • PT: top coding is ISCED 5 or more",HATLEVEL,Educational attainment level (highest level of education completed),Based on ISCED classification,Everybody,"unalteredCountry-specific rule for:• MT and IS: the following adaptations were done:› ISCED 0, 1 and 2 are grouped into one category (code 1)› ISCED 3 and 4 are grouped into one category (code 2)› ISCED 5, 6, 7 and 8 are grouped into one category (code 3)",BOTH,TRUE,TRUE,FALSE,TRUE
HHID,HHID,Identification number of household,10-digit number – 1 missing,Everybody,unaltered,HHID,Identification number of household,10-digit number,Everybody,unaltered,BOTH,FALSE,TRUE,FALSE,FALSE
HHINCOME,HHINCOME,Net monthly equivalised income of the household,"1 Below 1st quintile 2 Between 1st quintile and 2nd quintile 3 Between 2nd quintile and 3rd quintile 4 Between 3rd quintile and 4th quintile 5 Between 4th quintile and 5th quintile – 1 missing (don’t know, refusal)",Everybody,unaltered,HHINCOME,Net monthly equivalised income of the household,1 Below 1st quintile,Everybody,unaltered,BOTH,FALSE,TRUE,FALSE,FALSE
HHNBPERS,HHNBPERS,"Number of persons living in household, including the respondent","0 – 98 – 1 missing (don’t know, refusal)",Everybody,top coding (7 or more) Country-specific rule: • MT and IS: top coding is 6 or more,HHNBPERS,Household size,Number of member of the household 1 – 98,Everybody,top coding (7 or more)Country-specific rule:• MT and IS: top coding is 6 or more,BOTH,TRUE,TRUE,FALSE,TRUE
HHTYPE,HHTYPE,Type of household,"10 One-person household 21 Lone parent with child(ren) aged less than 25 22 Couple without child(ren) aged less than 25 23 Couple with child(ren) aged less than 25 Couple or lone parent with child(ren) aged less than 25 and other persons living in 24 household 25 Other type of household – 1 missing (don’t know, refusal)",Everybody,Regrouped answer categories: 1. One-person household; 2. Lone parent with child(ren) less than 25; 3. Couple with child(ren) aged 4. Couple without child(ren) aged less than 25; 5. Other,HHTYPE,Type of household,10 One-person household,Everybody,Regrouped answer categories: 1. One-person household (code 10) 2. Lone parent with at least one child aged less than 25 (code 21) 3. Couple without any children (code 31) 4. Couple with at least one child aged less than 25 (code 32) 5. Couple all children aged 25 or more (code 33) 6. Other (codes 22 and 40) -1. Not stated,BOTH,FALSE,TRUE,FALSE,TRUE
HS1,HS1,Self-perceived general health: how a person perceives his/her health in general,"1 Very good 2 Good 3 Fair 4 Bad 5 Very bad – 1 missing (don’t know, refusal)",Everybody,unaltered,HS1,Self-perceived general health,1 Very good,Everybody,unaltered,BOTH,TRUE,TRUE,FALSE,FALSE
HS2,HS2,Long-standing health problem: Suffer from any illness or health problem of a duration of at least six months,"1 Yes 2 No – 1 missing (don’t know, refusal)",Everybody,unaltered,HS2,Long-standing health problem,1 Yes,Everybody,unaltered,BOTH,TRUE,TRUE,FALSE,FALSE
HS3,HS3,General activity limitation: Limitation in activities people usually do because of health problems for at least the past six months conditions,"1 Severely limited 2 Limited but not severely 3 Not limited at all – 1 missing (don’t know, refusal)",Everybody,unaltered,HS3,Limitation in activities because of health problems,1 Severely limited,Everybody,unaltered,BOTH,TRUE,TRUE,FALSE,FALSE
IC1,IC1,"Providing care or assistance to one or more persons suffering from some age problem, chronic health condition or infirmity, at least once a week (professional activities excluded)","1 Yes 2 No – 1 missing (don’t know, refusal)",Everybody,unaltered,IC1,"Providing care or assistance to one or more persons suffering from some age problem, chronic health condition or infirmity, at least once a week (professional activities excluded)",1 Yes,Everybody,unaltered,BOTH,FALSE,TRUE,FALSE,FALSE
IC2,IC2,Prevailing relationship of the person(s) suffering from any chronic condition or infirmity or due to old age being provided with care or assistance at least once a week from the respondent,"1 Member(s) of respondent’s family 2 Non-member(s) of respondent’s family – 1 missing (don’t know, refusal) – 2 not applicable",if IC1 = 1,unaltered,IC2,Prevailing relationship of the person(s) suffering from any chronic condition or infirmity or due to old age being provided with care or assistance at least once a week from the respondent,1 Member(s) of respondent’s family,if IC1 = 1,unaltered,BOTH,FALSE,TRUE,FALSE,FALSE
IC3,IC3,Number of hours per week the respondent provides care or assistance to the person(s) suffering from any chronic condition or infirmity or due to old age,"1 Less than 10 hours per week 2 At least 10 but less than 20 hours per week 3 20 hours per week or more – 1 missing (don’t know, refusal) – 2 not applicable",if IC1 = 1,unaltered,IC3,Number of hours per week the respondent provides care or assistance to the person(s) suffering from any chronic condition or infirmity or due to old age,1 Less than 10 hours per week,if IC1 = 1,unaltered,BOTH,FALSE,TRUE,FALSE,FALSE
INTLANG,INTLANG,Language used for interview,3-digit codes (Standard Code List Eurostat) – 1 missing,Everybody,removed,INTLANG,Language used for interview,3-digit codes (Standard Code List Eurostat),Everybody,removed,BOTH,FALSE,TRUE,FALSE,FALSE
INTMETHOD,INTMETHOD,Data collection method used,"10 Postal, non-electronic version 11 Postal, electronic version (e-mail) 20 Face-to-face, non-electronic version 21 Face-to-face, electronic version 30 Telephone, non-electronic version 31 Telephone, electronic version 40 Use of internet 50 Mixed mode collection (e.g.: both postal and interview to collect data)",Everybody,unaltered,INTMETHOD,Data collection method used,"10 Self-administred, postal non-electronic version",Everybody,unaltered Country-specific rule for: • PT: INTMETHOD removed,BOTH,FALSE,TRUE,FALSE,TRUE
JOBISCO,JOBISCO,Occupation in employment,"ISCO-08 coded at 2-digit level – 1 missing (don’t know, refusal) – 2 not applicable",MAINSTAT = 10,kept with 1 digit,JOBISCO,Occupation in main job,ISCO-08 coded at 2-digit level,MAINSTAT = 10,kept with 1 digit,BOTH,TRUE,TRUE,FALSE,FALSE
JOBSTAT,JOBSTAT,Status in employment,"10 Self-employed 21 Employee with a permanent job/work contract of unlimited duration 22 Employee with a temporary job/work contract of limited duration – 1 missing (don’t know, refusal) – 2 not applicable",MAINSTAT = 10,unaltered,JOBSTAT,Status in employment in main job,11 Self-employed person with employees,MAINSTAT = 10,unaltered Country-specific rule for: • PT: 10 - Self-employed (11+12) 20 - Employee incl. family workers (20+30),BOTH,TRUE,TRUE,FALSE,TRUE
LOCNACE,LOCNACE,Economic sector in employment,"NACE Rev. 2 — sections – 1 missing (don’t know, refusal) – 2 not applicable",MAINSTAT = 10,"regrouped in 9 sectors groups: 1. Agriculture, forestry and fishing (NACE code A) 2. Manufacturing, mining and quarrying and other industry (NACE codes B, C, D and E) 3. Construction (NACE code F) 4. Wholesale and retail trades, transport, information and communication, accommodation and food service activities (NACE codes G, H, I and J) 5. Financial and insurance activities (NACE code K) 6. Business services and real estate activities (NACE codes L, M and N) 7. Public administration, defence, education, human health and social work activities (NACE codes O, P, and Q) 8. Other services - NACE codes R, S, T and U 9. Unknown sector Country-specific rule: • MT: codes 1, 2 and 3 regrouped together as code 1",LOCNACE,Economic activity of the local unit for main job (economic sector),NACE Rev. 2 at 1-digit level,MAINSTAT = 10,"Regrouped in 9 sectors groups: 1. Agriculture, forestry and fishing (NACE code A)2. Manufacturing, mining and quarrying and other industry (NACE codes B, C, D and E)3. Construction (NACE code F)4. Wholesale and retail trades, transport, information and communication, accommodation and food service activities (NACE codes G, H, I and J)5. Financial and insurance activities (NACE code K)6. Business services and real estate activities (NACE codes L, M and N)7. Public administration, defence, education, human health and social work activities (NACE codes O, P, and Q)8. Other services - NACE codes R, S, T and U-1. Unknown sectorCountry-specific rule:• MT: codes 1, 2 and 3 regrouped together as code 1 PT: Regrouped in 13 sectors groups: 1 Agriculture, forestry and fishing (NACE code A) 2 Manufacturing, mining and quarrying and other industry (NACE codes B, C, D and E) 3 Construction (NACE code F) 4 Wholesale and retail trades (NACE code G) 5 Transport (NACE code H) 6 Accommodation and food service activities (NACE code I) 7 Information and communication (NACE code J) 8 Financial and insurance activities (NACE code K) 9 Business services and real estate activities (NACE codes L, M and N) 10 Public administration, defence (NACE code O) 11 Education (NACE code P) 12 Human health and social work activities (NACE code Q) 13 Other services (NACE codes R, S, T and U)",BOTH,TRUE,TRUE,FALSE,TRUE
MAINSTAT,MAINSTAT,Self-declared labour status,"10 Carries out a job or profession, including unpaid work for a family business or holding, an apprenticeship or paid traineeship, etc. 20 Unemployed 31 Pupil, student, further training, unpaid work experience 32 In retirement or early retirement or has given up business 33 Permanently disabled 34 In compulsory military or community service 35 Fulfilling domestic tasks 36 Other inactive person – 1 missing (don’t know, refusal)",Everybody,"unaltered Country-specific rule for MT: codes 31, 33, 34, 35 and 36 are put together into the category 'Other' (code 36)",MAINSTAT,Self-declared labour status,10 Employed,Everybody,"unalteredCountry-specific rule for MT: codes 40, 50, 60, 70 and 80 are put together into the category 'Other' (code 80) IT: code 40 is put together into the category 'Other' (code 80)",BOTH,FALSE,TRUE,FALSE,TRUE
MARSTALEGAL,MARSTALEGAL,Legal marital status,"1 Never married and never been in a registered partnership 2 Married or in a registered partnership 3 Widowed or in registered partnership that ended with death of partner (not remarried or in new registered partnership) 4 Divorced or in registered partnership that was legally dissolved (not remarried or in new registered partnership) – 1 missing (don’t know, refusal)",Everybody,unaltered,MARSTALEGAL,Legal marital status,1 Never married and never been in a registered partnership,Everybody,unaltered,BOTH,FALSE,TRUE,FALSE,FALSE
MD1,MD1,Use of any medicines prescribed by a doctor during the past two weeks (excluding contraception),"1 Yes 2 No – 1 missing (don’t know, refusal)",Everybody,unaltered,MD1,Use of any medicines prescribed by a doctor during the past two weeks (excluding contraception),1 Yes,Everybody,unaltered,BOTH,FALSE,TRUE,FALSE,FALSE
MD2,MD2,"Use of any medicines, herbal medicines or vitamins not prescribed by a doctor during the past two weeks","1 Yes 2 No – 1 missing (don’t know, refusal)",Everybody,unaltered,MD2,"Use of any medicines, herbal medicines or vitamins not prescribed by a doctor during the past two weeks (excluding contraception)",1 Yes,Everybody,unaltered,BOTH,TRUE,TRUE,FALSE,FALSE
MH1A,MH1a,Extent of having little interest or pleasure in doing things over the last 2 weeks,"1 Not at all 2 Several days 3 More than half the days 4 Nearly every day – 1 missing (don’t know, refusal)",Everybody,unaltered Country-specific rule: • ES: variable removed,MH1A,Extent of having little interest or pleasure in doing things over the last 2 weeks,1 Not at all,Everybody,unalteredCountry-specific rule:• ES: variable removed,BOTH,FALSE,TRUE,FALSE,TRUE
MH1B,MH1b,"Extent of feeling down, depressed or hopeless over the last 2 weeks","1 Not at all 2 Several days 3 More than half the days 4 Nearly every day – 1 missing (don’t know, refusal)",Everybody,unaltered Country-specific rule: • ES: variable removed,MH1B,"Extent of feeling down, depressed or hopeless over the last 2 weeks",1 Not at all,Everybody,unalteredCountry-specific rule:• ES: variable removed,BOTH,FALSE,TRUE,FALSE,TRUE
MH1C,MH1c,"Extent of having trouble falling or staying asleep, or sleeping too much over the last 2 weeks","1 Not at all 2 Several days 3 More than half the days 4 Nearly every day – 1 missing (don’t know, refusal)",Everybody,unaltered Country-specific rule: • ES: variable removed,MH1C,"Extent of having trouble falling or staying asleep, or sleeping too much over the last 2 weeks",1 Not at all,Everybody,unalteredCountry-specific rule:• ES: variable removed,BOTH,FALSE,TRUE,FALSE,TRUE
MH1D,MH1d,Extent of feeling tired or having little energy over the last 2 weeks,"1 Not at all 2 Several days 3 More than half the days 4 Nearly every day – 1 missing (don’t know, refusal)",Everybody,unaltered Country-specific rule: • ES: variable removed,MH1D,Extent of feeling tired or having little energy over the last 2 weeks,1 Not at all,Everybody,unalteredCountry-specific rule:• ES: variable removed,BOTH,FALSE,TRUE,FALSE,TRUE
MH1E,MH1e,Extent of having poor appetite or overeating over the last 2 weeks,"1 Not at all 2 Several days 3 More than half the days 4 Nearly every day – 1 missing (don’t know, refusal)",Everybody,unaltered Country-specific rule: • ES: variable removed,MH1E,Extent of having poor appetite or overeating over the last 2 weeks,1 Not at all,Everybody,unalteredCountry-specific rule:• ES: variable removed,BOTH,FALSE,TRUE,FALSE,TRUE
MH1F,MH1f,"Extent of feeling bad about yourself, feeling being a failure over the last 2 weeks","1 Not at all 2 Several days 3 More than half the days 4 Nearly every day – 1 missing (don’t know, refusal)",Everybody,unaltered Country-specific rule: • ES: variable removed,MH1F,"Extent of subject feeling negative about themselves, or feeling that they are a failure or have let themselves or their family down, over the last 2 weeks",1 Not at all,Everybody,unalteredCountry-specific rule:• ES: variable removed,BOTH,TRUE,TRUE,FALSE,TRUE
MH1G,MH1g,"Extent of having trouble concentrating on things, such as reading the newspaper or watching television, over the last 2 weeks","1 Not at all 2 Several days 3 More than half the days 4 Nearly every day – 1 missing (don’t know, refusal)",Everybody,unaltered Country-specific rule: • ES: variable removed,MH1G,"Extent of having trouble concentrating on things, such as reading the newspaper or watching television, over the last 2 weeks",1 Not at all,Everybody,unalteredCountry-specific rule:• ES: variable removed,BOTH,FALSE,TRUE,FALSE,TRUE
MH1H,MH1h,"Extent of moving or speaking so slowly that other people could have noticed or being so fidgety or restless, over the last 2 weeks day care","1 Not at all 2 Several days 3 More than half the days 4 Nearly every day – 1 missing (don’t know, refusal)",Everybody,unaltered Country-specific rule: • ES: variable removed,MH1H,"Extent of moving or speaking so slowly that other people could have noticed or being so fidgety or restless that they have been moving around a lot more than usual, over the last 2 weeks",1 Not at all,Everybody,unalteredCountry-specific rule:• ES: variable removed,BOTH,TRUE,TRUE,FALSE,TRUE
PA1,PA1,Last time of vaccination against flu,"Month/year (MMYYYY) Never or too long ago (0) – 1 missing (don’t know, refusal)",Everybody,"unaltered Country-specific rule: • BG: Recoding: ""0"" – never or too long ago ""1"" – within the past 12 months ""-1"" – missing (don't know, refusal)",PA1,Last time of vaccination against flu,Month/year (YYYYMM),Everybody,"unalteredCountry-specific rule:• BG: Recoding:""1"" –too long ago “2” – Never ""3"" – within the past 12 months""-1"" – Not stated “-3” – Proxy",BOTH,FALSE,TRUE,FALSE,TRUE
PA2,PA2,Last time of blood pressure measurement by a health professional,"1 Within the past 12 months 2 1 to less than 3 years 3 3 to less than 5 years 4 More than 5 years 5 Never – 1 missing (don’t know, refusal)",Everybody,unaltered,PA2,Last time of blood pressure measurement by a health professional,1 Within the past 12 months,Everybody,unaltered,BOTH,FALSE,TRUE,FALSE,FALSE
PA3,PA3,Last time of blood cholesterol measurement by a health professional,"1 Within the past 12 months 2 1 to less than 3 years 3 3 to less than 5 years 4 More than 5 years 5 Never – 1 missing (don’t know, refusal)",Everybody,unaltered,PA3,Last time of blood cholesterol measurement by a health professional,1 Within the past 12 months,Everybody,unaltered,BOTH,FALSE,TRUE,FALSE,FALSE
PA4,PA4,Last time of blood sugar measurement by a health professional,"1 Within the past 12 months 2 1 to less than 3 years 3 3 to less than 5 years 4 More than 5 years 5 Never – 1 missing (don’t know, refusal)",Everybody,unaltered,PA4,Last time of blood sugar measurement by a health professional,1 Within the past 12 months,Everybody,unaltered,BOTH,FALSE,TRUE,FALSE,FALSE
PA5,PA5,Last time of a faecal occult blood test,"1 Within the past 12 months 2 1 to less than 2 years 3 2 to less than 3 years 4 More than 3 years 5 Never – 1 missing (don’t know, refusal)",Everybody,unaltered,PA5,Last time of a faecal occult blood test,1 Within the past 12 months,Everybody,unaltered,BOTH,FALSE,TRUE,FALSE,FALSE
PA6,PA6,Last time of a colonoscopy,"1 Within the past 12 months 2 1 to less than 5 years 3 5 to less than 10 years 4 More than 10 years 5 Never – 1 missing (don’t know, refusal)",Everybody,unaltered,PA6,Last time of a colonoscopy,1 Within the past 12 months,Everybody,unaltered,BOTH,FALSE,TRUE,FALSE,FALSE
PA7,PA7,Last time of a mammography (breast X- ray),"1 Within the past 12 months 2 1 to less than 2 years 3 2 to less than 3 years 4 More than 3 years 5 Never – 1 missing (don’t know, refusal) – 2 not applicable",If SEX = 2,unaltered,PA7,Last time of a mammography (breast X-ray),1 Within the past 12 months,If SEX = 2,unaltered,BOTH,TRUE,TRUE,FALSE,FALSE
PA8,PA8,Last time of a cervical smear test care,"1 Within the past 12 months 2 1 to less than 2 years 3 2 to less than 3 years 4 More than 3 years 5 Never – 1 missing (don’t know, refusal) – 2 not applicable",If SEX = 2,unaltered,PA8,Last time of a cervical smear test,1 Within the past 12 months,If SEX = 2,unaltered,BOTH,TRUE,TRUE,FALSE,FALSE
PC1A,PC1a,Difficulty in feeding yourself,"1 No difficulty 2 Some difficulty 3 A lot of difficulty 4 Cannot do at all/Unable to do – 1 missing (don’t know, refusal) – 2 not applicable",if AGE >= 65,unaltered,PC1A,Difficulty in feeding yourself,1 No difficulty,if AGE >= 55,unaltered,BOTH,FALSE,TRUE,TRUE,FALSE
PC1B,PC1b,Difficulty in getting in and out of a bed or chair,"1 No difficulty 2 Some difficulty 3 A lot of difficulty 4 Cannot do at all/Unable to do – 1 missing (don’t know, refusal) – 2 not applicable",if AGE >= 65,unaltered,PC1B,Difficulty in getting in and out of a bed or chair,1 No difficulty,if AGE >= 55,unaltered,BOTH,FALSE,TRUE,TRUE,FALSE
PC1C,PC1c,Difficulty in dressing and undressing,"1 No difficulty 2 Some difficulty 3 A lot of difficulty 4 Cannot do at all/Unable to do – 1 missing (don’t know, refusal) – 2 not applicable",if AGE >= 65,unaltered,PC1C,Difficulty in dressing and undressing,1 No difficulty,if AGE >= 55,unaltered,BOTH,FALSE,TRUE,TRUE,FALSE
PC1D,PC1d,Difficulty in using toilets,"1 No difficulty 2 Some difficulty 3 A lot of difficulty 4 Cannot do at all/Unable to do – 1 missing (don’t know, refusal) – 2 not applicable",if AGE >= 65,unaltered,PC1D,Difficulty in using toilets,1 No difficulty,if AGE >= 55,unaltered,BOTH,FALSE,TRUE,TRUE,FALSE
PC1E,PC1e,Difficulty in bathing or showering,"1 No difficulty 2 Some difficulty 3 A lot of difficulty 4 Cannot do at all/Unable to do – 1 missing (don’t know, refusal) – 2 not applicable",if AGE >= 65,unaltered,PC1E,Difficulty in bathing or showering,1 No difficulty,if AGE >= 55,unaltered,BOTH,FALSE,TRUE,TRUE,FALSE
PC2,PC2,"Usually receiving help with one or more self-care activities: feeding yourself, getting in and out of a bed or chair, dressing and undressing, using toilets, bathing or showering","1 Yes, with at least one activity 2 No – 1 missing (don’t know, refusal) – 2 not applicable",if (AGE >= 65) and {PC1a ≠ 1 or PC1b ≠ 1 or PC1c ≠ 1 or PC1d ≠ 1 or PC1e ≠ 1},unaltered,PC2,"Usually receiving help with one or more self-care activities: feeding yourself, getting in and out of a bed or chair, dressing and undressing, using toilets, bathing or showering","1 Yes, with at least one activity",if (AGE >= 55) and,unaltered,BOTH,FALSE,TRUE,TRUE,FALSE
PC3,PC3,"Need to receive help or more help with one or more self-care activities: feeding yourself, getting in and out of a bed or chair, dressing and undressing, using toilets, bathing or showering","1 Yes, with at least one activity 2 No – 1 missing (don’t know, refusal) – 2 not applicable",if (AGE >= 65) and {PC1a ≠ 1 or PC1b ≠ 1 or PC1c ≠ 1 or PC1d ≠ 1 or PC1e ≠ 1},unaltered,PC3,"Need to receive help or more help with one or more self-care activities: feeding yourself, getting in and out of a bed or chair, dressing and undressing, using toilets, bathing or showering","1 Yes, with at least one activity",if (AGE >= 55) and,unaltered,BOTH,FALSE,TRUE,TRUE,FALSE
PE1,PE1,Physical effort of working tasks (both paid and unpaid work activities included),"1 Mostly sitting or standing 2 Mostly walking or tasks of moderate physical effort 3 Mostly heavy labour or physically demanding work 4 Not performing any working tasks – 1 missing (don’t know, refusal)",Everybody,unaltered,PE1,Physical effort of working tasks (both paid and unpaid work activities included),1 Mostly sitting or standing,Everybody,unaltered,BOTH,FALSE,TRUE,FALSE,FALSE
PE2,PE2,Number of days in a typical week walking to get to and from places at least 10 minutes continuously,"Number of days 1 – 7 0 I never carry out such physical activities – 1 missing (don’t know, refusal)",Everybody,unaltered,PE2,Number of days in a typical week walking to get to and from places at least 10 minutes continuously,Number of days 1 – 7,Everybody,unaltered,BOTH,FALSE,TRUE,FALSE,FALSE
PE3,PE3,Time spent on walking to get to and from places on a typical day,"1 10 – 29 minutes per day 2 30 – 59 minutes per day 3 1 hour to less than 2 hours per day 4 2 hours to less than 3 hours per day 5 3 hours or more per day – 1 missing (don’t know, refusal) – 2 not applicable",if PE2 ≠ 0,unaltered,PE3,Time spent on walking to get to and from places on a typical day,1 10 – 29 minutes per day,if PE2 ≠ 0,unaltered,BOTH,FALSE,TRUE,FALSE,FALSE
PE4,PE4,Number of days in a typical week bicycling to get to and from places at least 10 minutes continuously,"Number of days 1 – 7 0 I never carry out such physical activities – 1 missing (don’t know, refusal)",Everybody,unaltered,PE4,Number of days in a typical week bicycling to get to and from places at least 10 minutes continuously,Number of days 1 – 7,Everybody,unaltered,BOTH,FALSE,TRUE,FALSE,FALSE
PE5,PE5,Time spent on bicycling to get to and from places on a typical day,"1 10 – 29 minutes per day 2 30 – 59 minutes per day 3 1 hour to less than 2 hours per day 4 2 hours to less than 3 hours per day 5 3 hours or more per day – 1 missing (don’t know, refusal) – 2 not applicable",if PE4 ≠ 0,unaltered,PE5,Time spent on bicycling to get to and from places on a typical day,1 10 – 29 minutes per day,if PE4 ≠ 0,unaltered,BOTH,FALSE,TRUE,FALSE,FALSE
PE6,PE6,"Number of days in a typical week doing sports, fitness or recreational (leisure) physical activities that cause at least a small increase in breathing or heart rate for at least 10 minutes continuously","Number of days 1 – 7 0 I never carry out such physical activities – 1 missing (don’t know, refusal)",Everybody,unaltered,PE6,"Number of days in a typical week doing sports, fitness or recreational (leisure) physical activities that cause at least a small increase in breathing or heart rate for at least 10 minutes continuously",Number of days 1 – 7,Everybody,unaltered,BOTH,FALSE,TRUE,FALSE,FALSE
PE7,PE7,"Time spent on doing sports, fitness or recreational (leisure) physical activities in a typical week","HHMM (hours/minutes) – 1 missing (don’t know, refusal) – 2 not applicable",if PE6 ≠ 0,unaltered,PE7,"Time spent on doing sports, fitness or recreational (leisure) physical activities in a typical week",HHMM (hours/minutes),if PE6 ≠ 0,unaltered,BOTH,FALSE,TRUE,FALSE,FALSE
PE8,PE8,Number of days in a typical week doing muscle- strengthening activities,"Number of days 1 – 7 0 I never carry out such physical activities – 1 missing (don’t know, refusal)",Everybody,unaltered,PE8,Number of days in a typical week doing muscle-strengthening activities,Number of days 1 – 7,Everybody,unaltered,BOTH,TRUE,TRUE,FALSE,FALSE
PID,PID,Identification number of respondent,10-digit number – 1 missing,Everybody,unaltered,PID,Identification number of respondent,10-digit number,Everybody,unaltered,BOTH,FALSE,TRUE,FALSE,FALSE
PL1,PL1,Wearing glasses or contact lenses,"1 Yes 2 No 3 Blind or cannot see at all – 1 missing (don’t know, refusal)",Everybody,"codes 2 and 3 put together as code 2 ""No""",PL1,Wearing glasses or contact lenses,1 Yes,Everybody,"codes 2 and 3 put together as code 2 ""No""",BOTH,FALSE,TRUE,FALSE,FALSE
PL2,PL2,"Difficulty in seeing, even when wearing glasses or contact lenses","1 No difficulty 2 Some difficulty 3 A lot of difficulty 4 Cannot do at all/Unable to do – 1 missing (don’t know, refusal) – 2 not applicable",If PL1 = 1 or 2,"recoding: for blind people (code 3 in PL1), code 4 is used",PL2,"Difficulty in seeing, even when wearing glasses or contact lenses",1 No difficulty,If PL1 = 1 or 2 or -1,"recoding: for blind people (code 3 in PL1), code 4 is used",BOTH,FALSE,TRUE,TRUE,FALSE
PL3,PL3,Use of a hearing aid,"1 Yes 2 No 3 Profoundly deaf – 1 missing (don’t know, refusal)",Everybody,"codes 2 and 3 put together as code 2 ""No""",PL3,Use of a hearing aid,1 Yes,Everybody,"codes 2 and 3 put together as code 2 ""No""",BOTH,FALSE,TRUE,FALSE,FALSE
PL4,PL4,Difficulty in hearing what is said in a conversation with one other person in a quiet room even when using a hearing aid,"1 No difficulty 2 Some difficulty 3 A lot of difficulty 4 Cannot do at all/Unable to do – 1 missing (don’t know, refusal) – 2 not applicable",If PL3 = 1 or 2,"recoding: for deaf people (code 3 in PL3), code 4 is used",PL4,Difficulty in hearing what is said in a conversation with one other person in a quiet room even when using a hearing aid,1 No difficulty,If PL3 = 1 or 2 or -1,"recoding: for deaf people (code 3 in PL3), code 4 is used",BOTH,FALSE,TRUE,TRUE,FALSE
PL5,PL5,Difficulty in hearing what is said in a conversation with one other person in a noisier room even when using a hearing aid,"1 No difficulty 2 Some difficulty 3 A lot of difficulty 4 Cannot do at all/Unable to do – 1 missing (don’t know, refusal) – 2 not applicable",If PL3 = 1 or 2 and PL4 = 1 or 2 or 3,"recoding: for deaf people (code 3 in PL3), code 4 is used",PL5,Difficulty in hearing what is said in a conversation with one other person in a noisier room even when using a hearing aid,1 No difficulty,If PL3 = 1 or 2 or -1,"recoding: for deaf people (code 3 in PL3), code 4 is used",BOTH,FALSE,TRUE,TRUE,FALSE
PL6,PL6,Difficulty in walking half a km on level ground without the use of any aid,"1 No difficulty 2 Some difficulty 3 A lot of difficulty 4 Cannot do at all/Unable to do – 1 missing (don’t know, refusal)",Everybody,unaltered,PL6,Difficulty in walking half a km on level ground without the use of any aid,1 No difficulty,Everybody,unaltered,BOTH,FALSE,TRUE,FALSE,FALSE
PL7,PL7,Difficulty in walking up or down 12 steps,"1 No difficulty 2 Some difficulty 3 A lot of difficulty 4 Cannot do at all/Unable to do – 1 missing (don’t know, refusal)",Everybody,unaltered,PL7,Difficulty in walking up or down 12 steps,1 No difficulty,Everybody,unaltered,BOTH,FALSE,TRUE,FALSE,FALSE
PN1,PN1,Intensity of bodily pain during the past 4 weeks,"1 None 2 Very mild 3 Mild 4 Moderate 5 Severe 6 Very severe – 1 missing (don’t know, refusal)",Everybody,unaltered,PN1,Intensity of bodily pain during the past 4 weeks,1 None,Everybody,unaltered,BOTH,FALSE,TRUE,FALSE,FALSE
PN2,PN2,Extent that pain interfered with normal work during the past 4 weeks (including both work outside the home and housework),"1 Not at all 2 A little bit 3 Moderately 4 Quite a bit 5 Extremely – 1 missing (don’t know, refusal)",Everybody,unaltered,PN2,Extent that pain interfered with normal work during the past 4 weeks (including both work outside the home and housework),1 Not at all,Everybody,unaltered,BOTH,FALSE,TRUE,FALSE,FALSE
PRIMSTRAT,PRIMSTRAT,Primary strata as used in the selection of the sample,0001 – 9999 – 2 not applicable (no stratification),Everybody,removed,PRIMSTRAT,Primary strata as used in the selection of the sample,0001 – 9999,Everybody,removed,BOTH,FALSE,TRUE,FALSE,FALSE
PROXY,PROXY,Was the selected person interviewed or someone else (proxy interview),1 Person himself/herself 2 Other member of the household 3 Someone else outside the household – 1 missing,Everybody,unaltered,PROXY,Was the selected person interviewed or someone else (proxy interview),1 Person himself/herself,Everybody,unaltered,BOTH,FALSE,TRUE,FALSE,FALSE
REGION,REGION,Region of residence,Coding according to NUTS at 2-digit level – 1 missing,Everybody,removed,REGION,Region of residence,Coding according to NUTS at 2-digit level,Everybody,"unaltered for BE, BG, CZ, DK, DE, EE, IE, ES, HR, HU, IT, LT, AT, PL, PT, SI, SK, FI, SE, RS and removed for all other countries",BOTH,FALSE,TRUE,FALSE,TRUE
SEX,SEX,Sex of respondent,"1 Male 2 Female -1 missing (don’t know, refusal)",Everybody,unaltered,SEX,Sex of respondent,1 Male,Everybody,unaltered,BOTH,FALSE,TRUE,FALSE,FALSE
SK1,SK1,Type of smoking behaviour,"1 Daily smoking 2 Occasional smoking 3 No smoking – 1 missing (don’t know, refusal)",Everybody,unaltered,SK1,Type of tobacco smoking behaviour,1 Daily smoking,Everybody,unaltered,BOTH,TRUE,TRUE,FALSE,FALSE
SK2,SK2,Kind of tobacco product consumed,"1 Cigarettes (manufactured and/or hand-rolled) 2 Cigars 3 Pipe tobacco 4 Other – 1 missing (don’t know, refusal) – 2 not applicable",if SK1 = 1 or 2,unaltered Country-specific rule: • RO: codes 3 and 4 merged (category 'Other' – code 4),SK2,Average number of cigarettes a day,Number 0 – 99,if SK1 = 1,unalteredCountry-specific rule:• IT: top coding is 60 or more• SK and IS: top coding is 20 or more,BOTH,TRUE,TRUE,TRUE,TRUE
SK3,SK3,Average number of cigarettes a day,"Number 1 – 99 – 1 missing (don’t know, refusal) – 2 not applicable",if SK1 = 1 and SK2 = 1,unaltered Country-specific rule: • IT: top coding is 60 or more • SK: top coding is 20 or more,SK3,Former daily tobacco smoking,1 Yes,"if SK1 = 2, 3 or -1",unaltered,BOTH,TRUE,TRUE,TRUE,TRUE
SK4,SK4,Frequency of exposure to tobacco smoke indoors,"1 Never or almost never 2 Less than 1 hour per day 3 1 hour or more a day – 1 missing (don’t know, refusal)",Everybody,unaltered,SK4,Number of years of daily tobacco smoking,Number 0 – 99,"if SK1 = 1 or (SK1 = 2, 3 or -1 and SK3 = 1)",unaltered,BOTH,TRUE,TRUE,TRUE,FALSE
SS1,SS1,Number of close people to count on in case of serious personal problems,"1 None 2 1 or 2 3 3 to 5 4 6 or more – 1 missing (don’t know, refusal)",Everybody,unaltered,SS1,Number of close people to count on in case of serious personal problems,1 None,Everybody,unaltered,BOTH,FALSE,TRUE,FALSE,FALSE
SS2,SS2,Degree of concern shown by other people in what the person is doing,"1 A lot of concern and interest 2 Some concern and interest 3 Uncertain 4 Little concern and interest 5 No concern and interest – 1 missing (don’t know, refusal)",Everybody,unaltered,SS2,Degree of concern shown by other people in what the person is doing,1 A lot of concern and interest,Everybody,unaltered,BOTH,FALSE,TRUE,FALSE,FALSE
SS3,SS3,How easy is it to get practical help from neighbours in case of need,"1 Very easy 2 Easy 3 Possible 4 Difficult 5 Very difficult – 1 missing (don’t know, refusal)",Everybody,unaltered,SS3,How easy is it to get practical help from neighbours in case of need,1 Very easy,Everybody,unaltered,BOTH,FALSE,TRUE,FALSE,FALSE
UN1A,UN1a,Unmet need for health care in the past 12 months due to long waiting list(s),"1 Yes 2 No 3 No need for health care – 1 missing (don’t know, refusal)",Everybody,unaltered,UN1A,Unmet need for health care in the past 12 months due to long waiting list(s),1 Yes,Everybody,unaltered,BOTH,FALSE,TRUE,FALSE,FALSE
UN1B,UN1b,Unmet need for health care in the past 12 months due to distance or transportation problems,"1 Yes 2 No 3 No need for health care – 1 missing (don’t know, refusal)",Everybody,unaltered,UN1B,Unmet need for health care in the past 12 months due to distance or transportation problems,1 Yes,Everybody,unaltered,BOTH,FALSE,TRUE,FALSE,FALSE
UN2A,UN2a,Could not afford medical examination or treatment in the past 12 months,"1 Yes 2 No 3 No need – 1 missing (don’t know, refusal)",Everybody,unaltered,UN2A,Could not afford medical examination or treatment in the past 12 months,1 Yes,Everybody,unaltered,BOTH,FALSE,TRUE,FALSE,FALSE
UN2B,UN2b,Could not afford dental examination or treatment in the past 12 months,"1 Yes 2 No 3 No need – 1 missing (don’t know, refusal)",Everybody,unaltered,UN2B,Could not afford dental examination or treatment in the past 12 months,1 Yes,Everybody,unaltered,BOTH,FALSE,TRUE,FALSE,FALSE
UN2C,UN2c,Could not afford prescribed medicines in the past 12 months,"1 Yes 2 No 3 No need – 1 missing (don’t know, refusal)",Everybody,unaltered,UN2C,Could not afford prescribed medicines in the past 12 months,1 Yes,Everybody,unaltered,BOTH,FALSE,TRUE,FALSE,FALSE
UN2D,UN2d,Could not afford mental health care (by a psychologist or a psychiatrist for example) in the past 12 months,"1 Yes 2 No 3 No need – 1 missing (don’t know, refusal)",Everybody,unaltered,UN2D,"Could not afford mental health care (by a psychologist, psychortherapist or a psychiatrist for example) in the past 12 months",1 Yes,Everybody,unaltered,BOTH,TRUE,TRUE,FALSE,FALSE
WGT,WGT,Final individual weight,Number 5.3 – 1 missing,Everybody,unaltered,WGT,Final individual weight,Number 5.3,Everybody,unaltered,BOTH,FALSE,TRUE,FALSE,FALSE
FV1,FV1,"Frequency of eating fruit, excluding juice","1 Once or more a day 2 4 to 6 times a week 3 1 to 3 times a week 4 Less than once a week 5 Never – 1 missing (don’t know, refusal)",Everybody,unaltered,,,,,,WAVE2_ONLY,,,,
FV2,FV2,"Number of portions of fruit a day, excluding juice","Number 1 – 99 – 1 missing (don’t know, refusal) – 2 not applicable",if FV1 = 1,unaltered,,,,,,WAVE2_ONLY,,,,
FV3,FV3,"Frequency of eating vegetables or salad, excluding juice and potatoes","1 Once or more a day 2 4 to 6 times a week 3 1 to 3 times a week 4 Less than once a week 5 Never – 1 missing (don’t know, refusal)",Everybody,unaltered,,,,,,WAVE2_ONLY,,,,
FV4,FV4,"Number of portions of vege- tables or salad, excluding juice and potatoes a day","Number 1 – 99 – 1 missing (don’t know, refusal) – 2 not applicable",if FV3 = 1,unaltered,,,,,,WAVE2_ONLY,,,,
HHNBPERS_0_4,HHNBPERS_0_4,Number of persons aged 4 or younger,"0 – 98 – 1 missing (don’t know, refusal)",Everybody,"top coding (3 or more) Country-specific rule: • MT, SK and IS: top coding is 2 or more",,,,,,WAVE2_ONLY,,,,
HHNBPERS_14_15,HHNBPERS_14_15,Number of persons aged from 14 to 15,"0 – 98 – 1 missing (don’t know, refusal)",Everybody,"top coding (3 or more) Country-specific rule: • MT, SK and IS: top coding is 2 or more",,,,,,WAVE2_ONLY,,,,
HHNBPERS_16_24,HHNBPERS_16_24,Number of persons aged from 16 to 24,"0 – 98 – 1 missing (don’t know, refusal)",Everybody,top coding (3 or more) Country-specific rule: • MT and IS: top coding is 2 or more,,,,,,WAVE2_ONLY,,,,
HHNBPERS_25_64,HHNBPERS_25_64,Number of persons aged from 25 to 64,"0 – 98 – 1 missing (don’t know, refusal)",Everybody,top coding (3 or more),,,,,,WAVE2_ONLY,,,,
HHNBPERS_5_13,HHNBPERS_5_13,Number of persons aged from 5 to 13,"0 – 98 – 1 missing (don’t know, refusal)",Everybody,"top coding (3 or more) Country-specific rule: • MT, IS: top coding is 2 or more",,,,,,WAVE2_ONLY,,,,
HHNBPERS_65PLUS,HHNBPERS_65PLUS,Number of persons aged 65 and over,"0 – 98 – 1 missing (don’t know, refusal)",Everybody,"top coding (3 or more) Country-specific rule: • MT, SK and IS: top coding is 2 or more",,,,,,WAVE2_ONLY,,,,
HH_ACT,HH_ACT,Number of persons aged 16 – 64 in the household who are employed,"0 – 98 – 1 missing (don’t know, refusal)",Everybody,unaltered Country-specific rule: • DE: top coding is 6 or more • MT: top coding is 3 or more • SK: top coding is 4 or more,,,,,,WAVE2_ONLY,,,,
HH_INACT,HH_INACT,Number of persons aged 16 – 64 in the household who are unemployed or are economically inactive,"0 – 98 – 1 missing (don’t know, refusal)",Everybody,unaltered Country-specific rule: • DE: top coding is 5 or more • MT and SK: top coding is 3 or more,,,,,,WAVE2_ONLY,,,,
HO1,HO1,Admission as an inpatient in a hospital in the past 12 months,"1 Yes 2 No – 1 missing (don’t know, refusal)",Everybody,unaltered,,,,,,WAVE2_ONLY,,,,
HO2,HO2,Number of nights spent as a patient in a hospital in the past 12 months,"Number 1 – 99 – 1 missing (don’t know, refusal) – 2 not applicable",if HO1 = 1,unaltered Country-specific rule: • DE: top coding is 20 or more • MT: top coding is 10 or more • PT: top coding is 25 or more • IE and SK: top coding is 30 or more,,,,,,WAVE2_ONLY,,,,
HO3,HO3,Admission as a day patient in a hospital in the past 12 months,"1 Yes 2 No – 1 missing (don’t know, refusal)",Everybody,unaltered Country-specific rule: IT: variable removed,,,,,,WAVE2_ONLY,,,,
HO4,HO4,Number of times admitted as a day patient in a hospital in the past 12 months,"Number 1 – 300 – 1 missing (don’t know, refusal) – 2 not applicable",if HO3 = 1,top coding (3 or more) Country-specific rule: IT: variable removed,,,,,,WAVE2_ONLY,,,,
MARSTADEFACTO,MARSTADEFACTO,De facto marital status,"1 Person living in a consensual union 2 Person not living in a consensual union – 1 missing (don’t know, refusal)",Everybody,unaltered,,,,,,WAVE2_ONLY,,,,
PSU,PSU,Primary sampling units as used in the selection of the sample,0001 – 9999 – 2 not applicable (no multistage sampling),Everybody,removed,,,,,,WAVE2_ONLY,,,,
REFMONTH,REFMONTH,Reference month of the interview,1 – 12 – 1 missing,Everybody,unaltered Country-specific rule for: • ES: REFMONTH removed • MT and IE: REFMONTH grouped into quarters,,,,,,WAVE2_ONLY,,,,
REFYEAR,REFYEAR,Reference year of the interview,4 digits,Everybody,unaltered Country-specific rule for: • ES: REFYEAR removed,,,,,,WAVE2_ONLY,,,,
BIRTHPLACEFATH,,,,,,BIRTHPLACEFATH,Country of birth of father,Country code (SCL GEO code),Everybody,"Regrouped as follows: 10 Native-born 21 Born in another EU Member State 22 Born in a non-EU country – 1 Not stated Country-specific rule:• MT, IS and NO: codes 21 and 22 grouped together as code 21",WAVE3_ONLY,,,,
BIRTHPLACEMOTH,,,,,,BIRTHPLACEMOTH,Country of birth of mother,Country code (SCL GEO code),Everybody,"Regrouped as follows: 10 Native-born 21 Born in another EU Member State 22 Born in a non-EU country – 1 Not stated Country-specific rule:• MT, IS and NO: codes 21 and 22 grouped together as code 21",WAVE3_ONLY,,,,
BMI,,,,,,BMI,Body mass index,1 Underweight,Everybody,New variable,WAVE3_ONLY,,,,
CD1P,,,,,,CD1P,Having high blood lipids in the past 12 months,1 Yes,Everybody,unaltered,WAVE3_ONLY,,,,
CD2,,,,,,CD2,Self-perceived general oral health,1 Very good,Everybody,unaltered,WAVE3_ONLY,,,,
DH1,,,,,,DH1,"Frequency of eating fruit, excluding juice",1 Once or more a day,Everybody,unaltered,WAVE3_ONLY,,,,
DH2,,,,,,DH2,"Number of portions of fruit a day, excluding juice",Number 1 – 99,if DH1 = 1,unaltered,WAVE3_ONLY,,,,
DH3,,,,,,DH3,"Frequency of eating vegetables or salad, excluding juice and potatoes",1 Once or more a day,Everybody,unaltered,WAVE3_ONLY,,,,
DH4,,,,,,DH4,"Number of portions of vege-tables or salad, excluding juice and potatoes a day",Number 1 – 99,if DH3 = 1,unaltered,WAVE3_ONLY,,,,
DH5,,,,,,DH5,Frequency of drinking pure fruit or vegetable juice,1 Once or more a day,Everybody,unaltered,WAVE3_ONLY,,,,
DH6,,,,,,DH6,Frequency of drinking sugar-sweetened soft drinks,1 Once or more a day,Everybody,unaltered,WAVE3_ONLY,,,,
HHNBPERS_0_13,,,,,,HHNBPERS_0_13,Number of persons aged 13 or younger,0 – 98,Everybody,"top coding (3 or more)Country-specific rule:• MT, SK, IS and NO: top coding is 2 or more",WAVE3_ONLY,,,,
HO12,,,,,,HO12,Number of nights spent as a patient in a hospital in the past 12 months,Number 0 – 365,Everybody,"unalteredCountry-specific rule:• DE, IT: top coding is 20 or more• MT and IS: top coding is 10 or more• PT: top coding is 25 or more• IE and SK: top coding is 30 or more",WAVE3_ONLY,,,,
HO34,,,,,,HO34,Number of times admitted as a day patient in a hospital in the past 12 months,Number 1 – 365,Everybody,top coding (3 or more)Country-specific rule:IT: variable removed,WAVE3_ONLY,,,,
PARTNERS,,,,,,PARTNERS,Partners living in the same household,1 Person living with a legal or de facto partner,Everybody,unaltered,WAVE3_ONLY,,,,
PE9,,,,,,PE9,Time spent sitting on a typical day,HHMM (hours/minutes),Everybody,unaltered,WAVE3_ONLY,,,,
PL8,,,,,,PL8,Difficulty in remembering or concentrating,1 No difficulty,Everybody,unaltered,WAVE3_ONLY,,,,
PL9,,,,,,PL9,Difficulty biting and chewing on hard foods,1 No difficulty,if AGE >= 55,unaltered,WAVE3_ONLY,,,,
REFDATE,,,,,,REFDATE,Reference date of the interview,8 digits (YYYYMMDD),Everybody,"Only YYYYMM kept (DD removed) Country-specific rule for:• ES: REFDATE removed • MT and IE: 5th and 6th digits of REFDATE changed to represent quarters (01, 02, 03, 04)",WAVE3_ONLY,,,,
SK5,,,,,,SK5,Frequency of exposure to tobacco smoke indoors,"1 Every day, 1 hour or more a day",Everybody,unaltered,WAVE3_ONLY,,,,
SK6,,,,,,SK6,Type of electronic cigarettes or similar electronic devices behaviour,1 Daily vaping,Everybody,unaltered,WAVE3_ONLY,,,,
SU,,,,,,SU,Primary sampling units as used in the selection of the sample,0001 – 9999,Everybody,removed,WAVE3_ONLY,,,,
WGT_SPEC,,,,,,WGT_SPEC,Final special individual weight,Number 5.3,Everybody,unaltered,WAVE3_ONLY,,,,
