import_id,database,platform,search_strategy_id,search_line,search_version,export_date,format,relative_path,total_reported,complete,license_class,status,sha256,records_imported,imported_at,notes
EMBASE-A-B001,Embase,Embase.com,SR-EMBASE-A,A,0.2,,RIS,data/raw/scoping-review/manual/embase/sr-embase-a-b001.ris,,,RESTRICTED_METADATA,PENDING_UPLOAD,,,,Run line A separately; add batch rows if the platform export limit is exceeded
EMBASE-B-B001,Embase,Embase.com,SR-EMBASE-B,B,0.2,,RIS,data/raw/scoping-review/manual/embase/sr-embase-b-b001.ris,,,RESTRICTED_METADATA,PENDING_UPLOAD,,,,Run line B separately; add batch rows if the platform export limit is exceeded
EMBASE-C-B001,Embase,Embase.com,SR-EMBASE-C,C,0.2,,RIS,data/raw/scoping-review/manual/embase/sr-embase-c-b001.ris,,,RESTRICTED_METADATA,PENDING_UPLOAD,,,,Run line C separately; add batch rows if the platform export limit is exceeded
PSYCINFO-A-B001,APA PsycINFO,EBSCOhost,SR-PSYCINFO-A,A,0.3,,RIS,data/raw/scoping-review/manual/psycinfo/sr-psycinfo-a-b001.ris,,,RESTRICTED_METADATA,PENDING_UPLOAD,,,,Run line A only in APA PsycINFO; add batch rows if the export limit is exceeded
PSYCINFO-B-B001,APA PsycINFO,EBSCOhost,SR-PSYCINFO-B,B,0.3,,RIS,data/raw/scoping-review/manual/psycinfo/sr-psycinfo-b-b001.ris,,,RESTRICTED_METADATA,PENDING_UPLOAD,,,,Run line B only in APA PsycINFO; add batch rows if the export limit is exceeded
PSYCINFO-C-B001,APA PsycINFO,EBSCOhost,SR-PSYCINFO-C,C,0.3,,RIS,data/raw/scoping-review/manual/psycinfo/sr-psycinfo-c-b001.ris,,,RESTRICTED_METADATA,PENDING_UPLOAD,,,,Run line C only in APA PsycINFO; add batch rows if the export limit is exceeded
WOS-A-B001,Web of Science Core Collection,Web of Science,SR-WOS-A,A,0.3,,RIS,data/raw/scoping-review/manual/wos/sr-wos-a-b001.ris,,,RESTRICTED_METADATA,PENDING_UPLOAD,,,,Run line A in Core Collection; record indexes and add batch rows if needed
WOS-B-B001,Web of Science Core Collection,Web of Science,SR-WOS-B,B,0.3,,RIS,data/raw/scoping-review/manual/wos/sr-wos-b-b001.ris,,,RESTRICTED_METADATA,PENDING_UPLOAD,,,,Run line B in Core Collection; record indexes and add batch rows if needed
WOS-C-B001,Web of Science Core Collection,Web of Science,SR-WOS-C,C,0.3,,RIS,data/raw/scoping-review/manual/wos/sr-wos-c-b001.ris,,,RESTRICTED_METADATA,PENDING_UPLOAD,,,,Run line C in Core Collection; record indexes and add batch rows if needed
