"subquery_id","parent_strategy_id","query","paging","total_reported","total_downloaded","unique_source_records","duplicate_source_rows","complete","raw_file","sha256"
"A-SQ01","SR-SCOPUS-A","TITLE-ABS-KEY((""data harmonization"" OR ""data harmonisation"" OR ""retrospective harmonization"" OR ""retrospective harmonisation"") AND (survey* OR questionnaire* OR cohort* OR epidemiolog* OR ""population health"" OR ""health survey"" OR ""health surveys"" OR ""patient-reported measure"" OR ""patient-reported measures"" OR ""patient reported measure"" OR ""patient reported measures"" OR ""cross-national"" OR ""cross-country"" OR multicountry OR ""multi-country""))","offset",635,635,635,0,TRUE,"data/raw/scoping-review/scopus/SR-SCOPUS-A/a-sq01/records-offset.rds","d8dd5f21a8bf90183c5dafb9a20b6f062591769d31c231cf1f042ee82ce69e26"
"A-SQ02","SR-SCOPUS-A","TITLE-ABS-KEY((""ex post harmonization"" OR ""ex-post harmonization"" OR ""ex post harmonisation"" OR ""ex-post harmonisation"") AND (survey* OR questionnaire* OR cohort* OR epidemiolog* OR ""population health"" OR ""health survey"" OR ""health surveys"" OR ""patient-reported measure"" OR ""patient-reported measures"" OR ""patient reported measure"" OR ""patient reported measures"" OR ""cross-national"" OR ""cross-country"" OR multicountry OR ""multi-country""))","offset",24,24,24,0,TRUE,"data/raw/scoping-review/scopus/SR-SCOPUS-A/a-sq02/records-offset.rds","4238f79c603040122aede9255e9d7d7189c886d6525e8792bf67ebd4e2328a4c"
"A-SQ03","SR-SCOPUS-A","TITLE-ABS-KEY((""post hoc harmonization"" OR ""post hoc harmonisation"" OR ""pooled data harmonization"" OR ""pooled data harmonisation"") AND (survey* OR questionnaire* OR cohort* OR epidemiolog* OR ""population health"" OR ""health survey"" OR ""health surveys"" OR ""patient-reported measure"" OR ""patient-reported measures"" OR ""patient reported measure"" OR ""patient reported measures"" OR ""cross-national"" OR ""cross-country"" OR multicountry OR ""multi-country""))","offset",2,2,2,0,TRUE,"data/raw/scoping-review/scopus/SR-SCOPUS-A/a-sq03/records-offset.rds","82db026ac1e285fa40133c73d69c309e5b1ace40e4aaa475de817ad93c2c5d1e"
"A-SQ04","SR-SCOPUS-A","TITLE-ABS-KEY((""individual-level data harmonization"" OR ""individual-level data harmonisation"" OR ""variable harmonization"" OR ""variable harmonisation"") AND (survey* OR questionnaire* OR cohort* OR epidemiolog* OR ""population health"" OR ""health survey"" OR ""health surveys"" OR ""patient-reported measure"" OR ""patient-reported measures"" OR ""patient reported measure"" OR ""patient reported measures"" OR ""cross-national"" OR ""cross-country"" OR multicountry OR ""multi-country""))","offset",13,13,13,0,TRUE,"data/raw/scoping-review/scopus/SR-SCOPUS-A/a-sq04/records-offset.rds","0150952f6ba8726e8a0a4b7071f5553437ba756f16327ebf10c4a22c919116c8"
"A-SQ05","SR-SCOPUS-A","TITLE-ABS-KEY((""survey harmonization"" OR ""survey harmonisation"" OR ""questionnaire harmonization"" OR ""questionnaire harmonisation"") AND (survey* OR questionnaire* OR cohort* OR epidemiolog* OR ""population health"" OR ""health survey"" OR ""health surveys"" OR ""patient-reported measure"" OR ""patient-reported measures"" OR ""patient reported measure"" OR ""patient reported measures"" OR ""cross-national"" OR ""cross-country"" OR multicountry OR ""multi-country""))","offset",16,16,16,0,TRUE,"data/raw/scoping-review/scopus/SR-SCOPUS-A/a-sq05/records-offset.rds","aebdea03f72cef2f06690f77d6bebad0b73d3165dd4b4a4089251f6bcc316d44"
"A-SQ06","SR-SCOPUS-A","TITLE-ABS-KEY((""semantic harmonization"" OR ""semantic harmonisation"") AND (survey* OR questionnaire* OR cohort* OR epidemiolog* OR ""population health"" OR ""health survey"" OR ""health surveys"" OR ""patient-reported measure"" OR ""patient-reported measures"" OR ""patient reported measure"" OR ""patient reported measures"" OR ""cross-national"" OR ""cross-country"" OR multicountry OR ""multi-country""))","offset",17,17,17,0,TRUE,"data/raw/scoping-review/scopus/SR-SCOPUS-A/a-sq06/records-offset.rds","87a0f5b8306984f7fc46d00ffd472793eec6b095d2ac969fab5e99be670e16d8"
"B-SQ01","SR-SCOPUS-B","TITLE-ABS-KEY((""measurement equivalence"" OR ""measurement invariance"" OR ""construct equivalence"" OR ""conceptual equivalence"") AND (survey* OR questionnaire* OR instrument* OR scale* OR cohort* OR ""population health"" OR ""health status"" OR ""patient-reported outcome"" OR ""patient-reported outcomes"" OR ""patient-reported experience measure"" OR ""patient-reported experience measures""))","year_partition",10362,10362,10353,9,TRUE,"data/raw/scoping-review/scopus/SR-SCOPUS-B/b-sq01/records-through-2028.rds","60f33f2ae6f3d0eaf72adc8ffe3732e98bf258f2e580a2e732137d93909d54c8"
"B-SQ02","SR-SCOPUS-B","TITLE-ABS-KEY((""semantic equivalence"" OR ""functional equivalence"" OR ""item equivalence"" OR ""question comparability"") AND (survey* OR questionnaire* OR instrument* OR scale* OR cohort* OR ""population health"" OR ""health status"" OR ""patient-reported outcome"" OR ""patient-reported outcomes"" OR ""patient-reported experience measure"" OR ""patient-reported experience measures""))","offset",770,770,770,0,TRUE,"data/raw/scoping-review/scopus/SR-SCOPUS-B/b-sq02/records-offset.rds","3b404f80a30ac4b3d87554cb841ffd341dc26e853b3915644ceef06765c092c3"
"B-SQ03","SR-SCOPUS-B","TITLE-ABS-KEY((""questionnaire comparability"" OR ""cross-survey comparability"" OR ""cross-cultural comparability"" OR ""common metric"") AND (survey* OR questionnaire* OR instrument* OR scale* OR cohort* OR ""population health"" OR ""health status"" OR ""patient-reported outcome"" OR ""patient-reported outcomes"" OR ""patient-reported experience measure"" OR ""patient-reported experience measures""))","offset",762,762,762,0,TRUE,"data/raw/scoping-review/scopus/SR-SCOPUS-B/b-sq03/records-offset.rds","1dc5aa64e24760f4fab317a18dab15f75fa1bd9acd581d74e9b696cab8a1d6d3"
"B-SQ04","SR-SCOPUS-B","TITLE-ABS-KEY((""scale linking"" OR ""score linking"" OR ""test equating"" OR crosswalk*) AND (survey* OR questionnaire* OR instrument* OR scale* OR cohort* OR ""population health"" OR ""health status"" OR ""patient-reported outcome"" OR ""patient-reported outcomes"" OR ""patient-reported experience measure"" OR ""patient-reported experience measures""))","offset",1339,1339,1339,0,TRUE,"data/raw/scoping-review/scopus/SR-SCOPUS-B/b-sq04/records-offset.rds","5866d0c7fdaa83db59fae939a57b6879075b0770ad3e2ae791cdc270a2fe4672"
"B-SQ05","SR-SCOPUS-B","TITLE-ABS-KEY((""item mapping"" OR ""variable mapping"" OR ""construct mapping"" OR ""anchor item"") AND (survey* OR questionnaire* OR instrument* OR scale* OR cohort* OR ""population health"" OR ""health status"" OR ""patient-reported outcome"" OR ""patient-reported outcomes"" OR ""patient-reported experience measure"" OR ""patient-reported experience measures""))","offset",243,243,243,0,TRUE,"data/raw/scoping-review/scopus/SR-SCOPUS-B/b-sq05/records-offset.rds","9a1e47f04fdca714746c4c1a4c1941f0dca11e950c5366faf6d70ffc98017e5f"
"B-SQ06","SR-SCOPUS-B","TITLE-ABS-KEY((""anchor items"" OR ""bridging item"" OR ""bridging items"" OR ""bridging study"") AND (survey* OR questionnaire* OR instrument* OR scale* OR cohort* OR ""population health"" OR ""health status"" OR ""patient-reported outcome"" OR ""patient-reported outcomes"" OR ""patient-reported experience measure"" OR ""patient-reported experience measures""))","offset",215,215,215,0,TRUE,"data/raw/scoping-review/scopus/SR-SCOPUS-B/b-sq06/records-offset.rds","c926b528ec3c5b1da967a49c3e364d725e7c579f38120fc8e3165bd7c389fe83"
"B-SQ07","SR-SCOPUS-B","TITLE-ABS-KEY((""differential item functioning"") AND (survey* OR questionnaire* OR instrument* OR scale* OR cohort* OR ""population health"" OR ""health status"" OR ""patient-reported outcome"" OR ""patient-reported outcomes"" OR ""patient-reported experience measure"" OR ""patient-reported experience measures""))","offset",3717,3717,3717,0,TRUE,"data/raw/scoping-review/scopus/SR-SCOPUS-B/b-sq07/records-offset.rds","4cfb92c365e737de1f3b28d8039fd420fcf64d33c01222457068d6fb559c42cf"
"C-SQ01","SR-SCOPUS-C","TITLE-ABS-KEY((""harmonization framework"" OR ""harmonisation framework"" OR ""harmonization protocol"" OR ""harmonisation protocol"") AND (survey* OR questionnaire* OR cohort* OR epidemiolog* OR ""population health"" OR ""patient-reported measure"" OR ""patient-reported measures"" OR ""patient reported measure"" OR ""patient reported measures""))","offset",34,34,34,0,TRUE,"data/raw/scoping-review/scopus/SR-SCOPUS-C/c-sq01/records-offset.rds","47fd1dde15884d515d099bc495893d4cf7aeeadbf8921504fececa2078b9220c"
"C-SQ02","SR-SCOPUS-C","TITLE-ABS-KEY((""harmonization workflow"" OR ""harmonisation workflow"" OR ""harmonization algorithm"" OR ""harmonisation algorithm"") AND (survey* OR questionnaire* OR cohort* OR epidemiolog* OR ""population health"" OR ""patient-reported measure"" OR ""patient-reported measures"" OR ""patient reported measure"" OR ""patient reported measures""))","offset",11,11,11,0,TRUE,"data/raw/scoping-review/scopus/SR-SCOPUS-C/c-sq02/records-offset.rds","9c00ec96b179bb9eb4ed8941bd34a4364cfb0e736dc1edaeaf64d911f284335c"
"C-SQ03","SR-SCOPUS-C","TITLE-ABS-KEY((""harmonization pipeline"" OR ""harmonisation pipeline"" OR ""harmonization platform"" OR ""harmonisation platform"") AND (survey* OR questionnaire* OR cohort* OR epidemiolog* OR ""population health"" OR ""patient-reported measure"" OR ""patient-reported measures"" OR ""patient reported measure"" OR ""patient reported measures""))","offset",17,17,17,0,TRUE,"data/raw/scoping-review/scopus/SR-SCOPUS-C/c-sq03/records-offset.rds","086169b715cc3e9c3e0d3adb780a4a1b1cc6b6008c1380cf8a2edbb07502e16d"
"C-SQ04","SR-SCOPUS-C","TITLE-ABS-KEY((""common data model"" OR ""metadata mapping"" OR ""ontology mapping"" OR ""schema mapping"") AND (survey* OR questionnaire* OR cohort* OR epidemiolog* OR ""population health"" OR ""patient-reported measure"" OR ""patient-reported measures"" OR ""patient reported measure"" OR ""patient reported measures""))","offset",596,596,596,0,TRUE,"data/raw/scoping-review/scopus/SR-SCOPUS-C/c-sq04/records-offset.rds","682784694a391433273d97a082effb10816ecfbebe6e86bc680791e087526808"
"C-SQ05","SR-SCOPUS-C","TITLE-ABS-KEY((""data integration framework"") AND (survey* OR questionnaire* OR cohort* OR epidemiolog* OR ""population health"" OR ""patient-reported measure"" OR ""patient-reported measures"" OR ""patient reported measure"" OR ""patient reported measures""))","offset",28,28,28,0,TRUE,"data/raw/scoping-review/scopus/SR-SCOPUS-C/c-sq05/records-offset.rds","eb7c0347c500bf3b5a59cdc679d3d27fe44352ae76be854bf9691d09bf149596"
