review_question_component,concept,search_line,representative_terms,eligibility_link,extraction_variables
Determine whether variables can be harmonised,Explicit retrospective harmonisation,A,"data harmonization; retrospective harmonisation; ex-post harmonization; variable harmonization; questionnaire harmonisation","Inclusion 1; 8","harmonisation_timing; methodological_framework; harmonisation_unit"
Determine whether constructs are equivalent,Conceptual semantic and functional equivalence,B,"conceptual equivalence; semantic equivalence; functional equivalence; construct equivalence","Inclusion 2; 5; 6","equivalence_criteria; compatibility_dimensions; uncertainty"
Compare items and questions,Item and question comparability,B,"item equivalence; question comparability; questionnaire comparability; item mapping","Inclusion 2; 4; 6","source_variables; question_wording; response_options; reference_period"
Create a common metric,Linking equating crosswalks and anchors,B,"common metric; scale linking; score linking; test equating; crosswalk; anchor item; bridging study","Inclusion 3; 7","transformation_method; anchor_variables; psychometric_method; validation_method"
Represent common targets,DataSchema and common data model,C,"common data model; schema mapping; metadata mapping; ontology mapping","Inclusion 4; 8","dataschema_definition; reusable_products; provenance"
Operationalise harmonisation,Framework protocol workflow algorithm pipeline,C,"harmonization framework; protocol; workflow; algorithm; pipeline; platform","Inclusion 1; 5; 8","methodological_framework; transformation_method; software; code_available"
Validate comparability,Measurement invariance and DIF,B,"measurement invariance; differential item functioning; measurement equivalence","Inclusion 2; 7","validation_method; psychometric_method; nomological_validation; sensitivity_analysis"
Establish transferability,Population context time and administration,A;B;C,"survey; cohort; cross-national; population health; instrument; patient-reported measure","Inclusion 6; 7","population; countries; population_alignment; survey_design_handling; transportability"
Document decisions,Traceability uncertainty and information loss,C,"metadata mapping; harmonization protocol; harmonization workflow","Inclusion 5; 8","decision_rule; uncertainty; information_loss; provenance; extraction_version"
